1,1,Tony Finau,43,321.1,"20,548",64
2,2,Trey Mullinax,29,318,"18,444",58
3,4,Bubba Watson,38,316.2,"19,604",62
4,3,Luke List,54,315.8,"27,158",86
5,6,Rory McIlroy,20,314.1,"10,681",34
6,5,Ryan Palmer,22,313,"13,774",44
7,7,Kevin Tway,48,312.7,"25,018",80
8,8,Justin Thomas,39,312.5,"14,999",48
9,9,Gary Woodland,44,312.2,"20,608",66
10,10,Jason Day,23,312,"7,487",24
11,11,Keith Mitchell,40,311.6,"24,927",80
12,13,Dustin Johnson,23,311,"9,952",32
13,14,Brendan Steele,35,310.4,"17,383",56
14,12,Tom Lovelady,43,309.8,"26,644",86
15,T17,Robert Garrigus,39,308.7,"24,076",78
16,T17,Jason Kokrak,47,308.3,"28,977",94
17,19,Kevin Chappell,37,308.2,"20,959",68
T18,T20,Adam Scott,27,308.1,"11,706",38
T18,T15,Nick Watney,36,308.1,"22,181",72
20,T15,Byeong Hun An,30,307.6,"15,996",52
21,22,Sam Burns,22,307.5,"13,530",44
22,24,HaoTong Li,23,306.9,"7,365",24
23,26,Jon Rahm,31,306.7,"14,720",48
T24,T27,Paul Casey,31,305.8,"9,785",32
T24,25,Matt Jones,32,305.8,"19,569",64
T24,T27,Maverick McNealy,16,305.8,"9,785",32
27,32,Harold Varner III,45,305.6,"22,613",74
28,30,Rick Lamb,16,305.4,"9,772",32
T29,31,Francesco Molinari,25,305.3,"10,992",36
T29,T27,Grayson Murray,44,305.3,"21,985",72
T29,T20,Justin Rose,24,305.3,"12,210",40
32,T34,Bryson DeChambeau,35,304.4,"21,309",70
33,36,Patrick Cantlay,31,304.3,"14,608",48
34,37,Tiger Woods,18,304.2,"10,950",36
35,33,Thomas Pieters,31,304,"9,727",32
36,T34,Cody Gribble,35,303.6,"16,393",54
37,39,Xander Schauffele,37,303.5,"13,353",44
38,38,Harris English,42,303.4,"25,489",84
39,23,Paul Dunne,19,302.8,"9,084",30
40,48,J.B. Holmes,35,302.6,"18,763",62
T41,46,Martin Laird,29,302.4,"17,539",58
T41,45,Peter Uihlein,41,302.4,"18,142",60
T41,40,Aaron Wise,46,302.4,"27,819",92
44,T41,Adam Schenk,48,302.3,"29,022",96
45,47,Alex Noren,35,302.2,"14,504",48
46,T41,Jamie Lovemark,44,301.8,"21,732",72
47,T41,Keegan Bradley,43,301.7,"19,311",64
T48,49,Tommy Fleetwood,23,301.6,"9,652",32
T48,50,Brandon Harkins,50,301.6,"30,163",100
50,44,Sam Saunders,38,301.3,"22,899",76
51,51,Corey Conners,49,301,"29,499",98
52,53,Matt Atkins,26,300.3,"15,617",52
T53,T54,Charley Hoffman,33,300.2,"18,013",60
T53,T54,Marc Leishman,37,300.2,"15,611",52
T55,T54,Phil Mickelson,38,299.9,"18,596",62
T55,T58,Ollie Schniederjans,38,299.9,"17,994",60
T55,T58,Charl Schwartzel,29,299.9,"8,396",28
T58,T62,Sergio Garcia,16,299.8,"7,194",24
T58,T62,Louis Oosthuizen,18,299.8,"8,395",28
T58,T62,Hudson Swafford,40,299.8,"16,787",56
T61,T70,Patrick Reed,42,299.4,"17,964",60
T61,T73,Patrick Rodgers,51,299.4,"25,748",86
T63,68,Talor Gooch,47,299.2,"28,126",94
T63,52,Charles Howell III,52,299.2,"21,541",72
T63,72,J.J. Spaun,33,299.2,"19,749",66
T66,T62,Stephan Jaeger,45,299.1,"26,923",90
T66,T62,Seamus Power,39,299.1,"23,327",78
68,69,Scott Stallings,48,299,"26,315",88
69,T75,Beau Hossler,50,298.9,"29,891",100
T70,T58,Bronson Burgoon,31,298.6,"18,516",62
T70,T70,Martin Flores,45,298.6,"24,484",82
T70,57,Lucas Glover,46,298.6,"20,306",68
T70,78,Patton Kizzire,45,298.6,"25,081",84
74,T58,James Hahn,47,298.3,"21,474",72
T75,80,Chesson Hadley,46,298.1,"27,427",92
T75,82,Cameron Smith,39,298.1,"15,502",52
77,85,Jimmy Walker,29,297.9,"17,277",58
78,81,Jordan Spieth,31,297.8,"16,678",56
79,T62,Sean O'Hair,34,297.5,"20,229",68
80,86,J.T. Poston,29,297.4,"17,247",58
81,79,Daniel Berger,37,297.3,"15,461",52
T82,77,Bill Haas,30,297.2,"15,452",52
T82,87,Tyrrell Hatton,18,297.2,"5,944",20
84,88,Branden Grace,31,297.1,"9,506",32
T85,T89,Sangmoon Bae,31,297,"16,037",54
T85,T83,Sam Ryder,36,297,"21,387",72
T87,T89,Lanto Griffin,34,296.9,"20,187",68
T87,999,Julian Suri,17,296.9,"8,314",28
89,T73,Dominic Bozzelli,27,296.8,"16,027",54
90,T94,Troy Merritt,45,296.4,"26,680",90
91,T83,Emiliano Grillo,44,296.3,"21,332",72
92,T75,Michael Thompson,20,296.2,"11,849",40
93,91,Hunter Mahan,39,296.1,"23,096",78
T94,99,Stewart Cink,39,296,"18,349",62
T94,T92,Shane Lowry,26,296,"15,394",52
T94,T92,Shawn Stefani,38,296,"22,494",76
T97,T94,Bud Cauley,41,295.6,"19,508",66
T97,98,Brice Garnett,46,295.6,"27,194",92
99,T96,Smylie Kaufman,36,295.4,"21,269",72
100,T96,Kevin Streelman,50,295.3,"29,534",100
101,T100,Ethan Tracy,36,295,"21,243",72
102,T108,Hideki Matsuyama,24,294.9,"7,668",26
103,T110,Billy Horschel,26,294.8,"15,327",52
104,T105,Sung Kang,43,294.7,"20,627",70
105,T116,Morgan Hoffmann,23,294.5,"8,836",30
T106,103,Russell Knox,46,294.3,"24,720",84
T106,T100,Andrew Putnam,41,294.3,"24,135",82
108,T110,Retief Goosen,34,294.2,"20,005",68
T109,120,Kiradech Aphibarnrat,19,294.1,"5,881",20
T109,T116,Blayne Barber,29,294.1,"17,056",58
T111,121,Jim Herman,25,294,"9,997",34
T111,T110,Robert Streb,35,294,"15,875",54
T111,107,Nick Taylor,45,294,"21,758",74
114,118,Rickie Fowler,28,293.9,"16,458",56
T115,T108,Jason Dufner,33,293.6,"15,266",52
T115,T105,Nate Lashley,35,293.6,"20,553",70
T115,T110,Nicholas Lindheim,33,293.6,"19,378",66
T118,104,Ernie Els,24,293.5,"14,088",48
T118,119,Padraig Harrington,22,293.5,"12,914",44
T118,T122,Andrew Landry,29,293.5,"17,025",58
121,T125,Jhonattan Vegas,42,293.4,"15,845",54
122,T110,Tyler Duncan,44,293.3,"25,809",88
T123,T122,Aaron Baddeley,40,293.2,"23,455",80
T123,129,Anirban Lahiri,34,293.2,"15,245",52
T123,115,Scott Piercy,40,293.2,"21,111",72
126,T122,Matt Every,49,293,"28,713",98
T127,T135,Si Woo Kim,46,292.2,"17,532",60
T127,T131,Chris Kirk,50,292.2,"26,883",92
129,T133,William McGirt,38,292,"22,192",76
T130,T131,Joel Dahmen,42,291.8,"24,509",84
T130,T138,Denny McCarthy,31,291.8,"18,090",62
T130,T100,Ian Poulter,29,291.8,"9,339",32
T130,141,Webb Simpson,35,291.8,"18,675",64
134,130,Rory Sabbatini,46,291.7,"26,836",92
135,137,Martin Piller,43,291.6,"25,074",86
T136,T125,Russell Henley,35,291.5,"13,993",48
T136,T143,Zach Johnson,35,291.5,"18,658",64
138,T125,Matt Kuchar,36,291.4,"16,318",56
139,T135,Jonas Blixt,33,291.3,"14,567",50
T140,T133,Scott Brown,50,291.2,"24,458",84
T140,T125,Rod Pampling,27,291.2,"11,066",38
T140,T148,Kyle Stanley,41,291.2,"13,976",48
T143,T150,Brian Harman,42,291.1,"17,468",60
T143,142,C.T. Pan,43,291.1,"20,379",70
145,153,Austin Cook,47,291,"27,355",94
146,T143,Abraham Ancer,46,290.9,"26,765",92
T147,T148,Mackenzie Hughes,30,290.8,"17,449",60
T147,T145,Michael Kim,36,290.8,"18,614",64
149,T155,Davis Love III,18,290.7,"8,139",28
150,157,Conrad Shindler,26,290.6,"15,113",52
T151,T145,Richy Werenski,44,290.5,"23,242",80
T151,T150,Xinjun Zhang,43,290.5,"22,662",78
153,158,Ben Martin,42,290.4,"24,397",84
154,T155,Brett Stegmaier,37,290.3,"21,481",74
T155,T138,Kelly Kraft,48,290.2,"23,219",80
T155,159,Pat Perez,35,290.2,"11,609",40
T157,T150,Tom Hoge,51,290.1,"29,593",102
T157,147,Brandt Snedeker,30,290.1,"17,403",60
T157,160,Andrew Yun,23,290.1,"13,344",46
T160,T138,Jonathan Byrd,30,290,"17,400",60
T160,161,Graeme McDowell,33,290,"16,820",58
162,154,Chez Reavie,51,289.9,"20,876",72
163,165,Derek Fathauer,44,289.3,"25,462",88
164,163,Tyrone Van Aswegen,56,289.2,"32,105",111
165,164,John Huh,48,289,"27,743",96
166,166,Adam Hadwin,43,288.9,"16,178",56
167,162,Ryan Blaum,36,288.6,"20,778",72
168,170,Ricky Barnes,32,288.3,"18,454",64
169,T171,Luke Donald,23,288.1,"13,251",46
170,169,Cameron Tringale,39,288,"22,462",78
171,167,Rafa Cabrera Bello,33,287.8,"10,362",36
172,174,Daniel Summerhays,21,287.6,"12,080",42
173,168,J.J. Henry,34,287.3,"19,534",68
174,T171,Alex Cejka,33,287.2,"18,958",66
T175,175,Fabián Gómez,43,287.1,"24,694",86
T175,T177,Kevin Kisner,34,287.1,"15,502",54
T177,T180,Zecheng Dou,28,286.7,"13,763",48
T177,T180,Cameron Percy,18,286.7,"10,322",36
T179,182,Ryan Moore,28,286.6,"16,051",56
T179,T177,Ben Silverman,46,286.6,"26,365",92
181,176,Jonathan Randolph,33,286.5,"18,912",66
T182,T184,David Lingmerth,33,286.4,"18,902",66
T182,179,Peter Malnati,39,286.4,"22,341",78
T182,T184,Vaughn Taylor,39,286.4,"22,338",78
185,T171,Chad Campbell,43,286.2,"20,032",70
186,186,Kevin Na,37,285.8,"14,862",52
187,187,"Ted Potter, Jr.",35,285.5,"19,983",70
188,183,Geoff Ogilvy,25,285.3,"14,266",50
189,189,Whee Kim,41,284.6,"18,782",66
190,T190,Brian Gay,42,283.9,"23,846",84
191,192,Kyle Thompson,22,283.5,"12,474",44
192,188,K.J. Choi,28,283.1,"13,587",48
193,T193,David Hearn,26,282.9,"14,709",52
194,196,Steve Wheatcroft,28,282.8,"15,834",56
195,T193,Chris Stroud,40,282.2,"18,060",64
T196,T190,Danny Lee,35,281.5,"15,203",54
T196,198,Camilo Villegas,45,281.5,"20,828",74
198,201,Rob Oppenheim,40,281,"22,479",80
199,199,Ryan Armour,53,280.7,"29,752",106
200,202,D.A. Points,37,280.3,"18,497",66
201,200,Roberto Díaz,39,280.1,"21,850",78
202,204,Gavin Kyle Green,16,279.8,"2,238",8
203,206,Billy Hurley III,31,279.4,"17,321",62
204,205,Greg Chalmers,40,279.3,"22,345",80
205,203,Johnson Wagner,31,278.4,"17,263",62
206,208,Brian Stuard,46,277.5,"25,527",92
207,209,Ben Crane,33,275.6,"15,986",58
208,210,Jon Curran,19,273.7,"10,401",38
209,211,Colt Knost,24,273.6,"10,944",40
210,212,Zac Blair,26,273.1,"14,200",52
211,213,Wesley Bryan,30,272.8,"9,820",36
212,214,Ken Duke,19,268,"10,183",38
