186,195,Aaron Baddeley,40,60.97,439,720,-0.25
94,94,Aaron Wise,46,66.43,550,828,-0.3
151,165,Abraham Ancer,46,63.89,529,828,-0.26
31,28,Adam Hadwin,43,69.58,501,720,-0.26
77,79,Adam Schenk,48,67.36,582,864,-0.23
23,18,Adam Scott,27,70.16,341,486,-0.21
160,160,Alex Cejka,33,63.3,376,594,-0.26
48,41,Alex Noren,35,68.85,347,504,-0.31
115,109,Andrew Landry,29,65.52,342,522,-0.27
37,44,Andrew Putnam,41,69.38,512,738,-0.24
193,193,Andrew Yun,23,60.14,249,414,-0.18
122,114,Anirban Lahiri,34,65.2,399,612,-0.25
83,67,Austin Cook,47,67.14,568,846,-0.3
65,71,Beau Hossler,50,67.78,610,900,-0.28
156,157,Ben Crane,33,63.64,378,594,-0.23
125,117,Ben Martin,42,64.95,491,756,-0.29
161,152,Ben Silverman,46,63.29,524,828,-0.26
70,89,Bill Haas,30,67.59,365,540,-0.24
39,33,Billy Horschel,26,69.23,324,468,-0.23
190,188,Billy Hurley III,31,60.39,337,558,-0.24
56,58,Blayne Barber,29,68.39,357,522,-0.25
74,62,Branden Grace,31,67.46,340,504,-0.29
103,100,Brandon Harkins,50,66.22,596,900,-0.31
128,134,Brandt Snedeker,30,64.81,350,540,-0.25
7,7,Brendan Steele,35,71.7,413,576,-0.32
61,60,Brett Stegmaier,37,68.02,453,666,-0.25
165,156,Brian Gay,42,62.96,476,756,-0.31
2,2,Brian Harman,42,72.81,498,684,-0.28
90,77,Brian Stuard,46,66.67,552,828,-0.26
104,101,Brice Garnett,46,66.18,548,828,-0.28
41,53,Bronson Burgoon,31,69.18,386,558,-0.26
29,26,Bryson DeChambeau,35,69.84,440,630,-0.31
22,16,Bubba Watson,38,70.25,392,558,-0.28
86,119,Bud Cauley,41,66.94,494,738,-0.27
58,42,Byeong Hun An,30,68.33,369,540,-0.28
23,17,C.T. Pan,43,70.16,543,774,-0.24
42,36,Cameron Percy,18,69.14,224,324,-0.26
96,87,Cameron Smith,39,66.34,406,612,-0.32
110,116,Cameron Tringale,39,65.81,462,702,-0.24
209,210,Camilo Villegas,45,57.04,462,810,-0.22
127,154,Chad Campbell,43,64.86,502,774,-0.18
194,194,Charl Schwartzel,29,60.04,281,468,-0.23
8,10,Charles Howell III,52,71.64,619,864,-0.26
70,59,Charley Hoffman,33,67.59,365,540,-0.27
33,40,Chesson Hadley,46,69.57,576,828,-0.32
16,13,Chez Reavie,51,70.49,609,864,-0.27
65,72,Chris Kirk,50,67.78,610,900,-0.25
168,166,Chris Stroud,40,62.64,451,720,-0.27
185,177,Cody Gribble,35,61.11,385,630,-0.25
203,204,Colt Knost,24,59.03,255,432,-0.26
146,137,Conrad Shindler,26,64.1,300,468,-0.27
26,23,Corey Conners,49,70.07,618,882,-0.23
207,207,D.A. Points,37,58.11,387,666,-0.22
64,84,Daniel Berger,37,67.81,415,612,-0.27
198,199,Daniel Summerhays,21,59.26,224,378,-0.29
149,150,Danny Lee,35,63.97,403,630,-0.27
67,57,David Hearn,26,67.74,317,468,-0.23
202,203,David Lingmerth,33,59.09,351,594,-0.31
128,120,Davis Love III,18,64.81,210,324,-0.23
67,104,Denny McCarthy,31,67.74,378,558,-0.23
199,199,Derek Fathauer,44,59.22,469,792,-0.28
204,206,Dominic Bozzelli,27,58.85,286,486,-0.3
28,22,Dustin Johnson,23,70,252,360,-0.44
19,19,Emiliano Grillo,44,70.33,557,792,-0.27
173,175,Ernie Els,24,62.27,269,432,-0.22
171,176,Ethan Tracy,36,62.5,405,648,-0.26
116,132,Fabián Gómez,43,65.5,507,774,-0.24
30,27,Francesco Molinari,25,69.7,276,396,-0.24
3,3,Gary Woodland,44,72.76,537,738,-0.26
138,125,Gavin Kyle Green,16,64.58,186,288,-0.23
166,159,Geoff Ogilvy,25,62.89,283,450,-0.19
157,149,Graeme McDowell,33,63.47,377,594,-0.24
131,142,Grayson Murray,44,64.77,513,792,-0.31
210,212,Greg Chalmers,40,56.67,408,720,-0.28
95,86,HaoTong Li,23,66.39,239,360,-0.24
75,69,Harold Varner III,45,67.41,546,810,-0.2
142,142,Harris English,42,64.29,486,756,-0.29
52,45,Hideki Matsuyama,24,68.52,259,378,-0.31
31,28,Hudson Swafford,40,69.58,501,720,-0.23
81,97,Hunter Mahan,39,67.24,472,702,-0.25
15,49,Ian Poulter,29,70.6,305,432,-0.23
159,180,J.B. Holmes,35,63.33,399,630,-0.26
69,76,J.J. Henry,34,67.65,414,612,-0.18
47,38,J.J. Spaun,33,69.02,410,594,-0.29
87,74,J.T. Poston,29,66.86,349,522,-0.27
45,52,James Hahn,47,69.07,547,792,-0.29
117,129,Jamie Lovemark,44,65.4,518,792,-0.27
106,95,Jason Day,23,66.11,238,360,-0.35
100,97,Jason Dufner,33,66.3,358,540,-0.26
34,35,Jason Kokrak,47,69.5,588,846,-0.3
102,102,Jhonattan Vegas,42,66.24,465,702,-0.26
62,51,Jim Herman,25,68,306,450,-0.22
200,201,Jimmy Walker,29,59.2,309,522,-0.27
88,79,Joel Dahmen,42,66.8,505,756,-0.23
134,145,John Huh,48,64.7,559,864,-0.29
99,111,Johnson Wagner,31,66.31,370,558,-0.25
206,209,Jon Curran,19,58.48,200,342,-0.23
46,37,Jon Rahm,31,69.05,348,504,-0.37
195,197,Jonas Blixt,33,59.93,356,594,-0.24
52,53,Jonathan Byrd,30,68.52,370,540,-0.24
197,205,Jonathan Randolph,33,59.6,354,594,-0.22
10,24,Jordan Spieth,31,71.43,360,504,-0.27
164,999,Julian Suri,17,63.1,159,252,-0.25
49,61,Justin Rose,24,68.75,297,432,-0.33
25,19,Justin Thomas,39,70.14,404,576,-0.36
147,158,K.J. Choi,28,64.09,323,504,-0.22
14,24,Keegan Bradley,43,70.69,509,720,-0.24
73,90,Keith Mitchell,40,67.5,486,720,-0.3
143,147,Kelly Kraft,48,64.24,555,864,-0.24
172,166,Ken Duke,19,62.28,213,342,-0.23
51,43,Kevin Chappell,37,68.63,420,612,-0.3
52,45,Kevin Kisner,34,68.52,333,486,-0.3
170,163,Kevin Na,37,62.58,383,612,-0.3
4,1,Kevin Streelman,50,72.67,654,900,-0.22
79,77,Kevin Tway,48,67.25,581,864,-0.26
136,123,Kiradech Aphibarnrat,19,64.68,163,252,-0.28
6,5,Kyle Stanley,41,72.38,469,648,-0.27
178,173,Kyle Thompson,22,61.87,245,396,-0.22
104,91,Lanto Griffin,34,66.18,405,612,-0.27
201,202,Louis Oosthuizen,18,59.13,149,252,-0.22
44,47,Lucas Glover,46,69.08,572,828,-0.24
208,208,Luke Donald,23,57.73,239,414,-0.23
52,64,Luke List,54,68.52,629,918,-0.29
179,181,Mackenzie Hughes,30,61.85,334,540,-0.22
96,87,Marc Leishman,37,66.34,406,612,-0.33
150,152,Martin Flores,45,63.95,518,810,-0.27
132,121,Martin Laird,29,64.75,338,522,-0.3
205,211,Martin Piller,43,58.66,454,774,-0.28
169,162,Matt Atkins,26,62.61,293,468,-0.25
123,141,Matt Every,49,65.08,574,882,-0.25
98,110,Matt Jones,32,66.32,382,576,-0.28
43,49,Matt Kuchar,36,69.1,398,576,-0.27
113,107,Maverick McNealy,16,65.63,189,288,-0.32
192,196,Michael Kim,36,60.19,390,648,-0.3
1,8,Michael Thompson,20,74.72,269,360,-0.22
196,198,Morgan Hoffmann,23,59.66,247,414,-0.21
60,75,Nate Lashley,35,68.1,429,630,-0.23
57,79,Nicholas Lindheim,33,68.35,406,594,-0.29
107,91,Nick Taylor,45,66.05,535,810,-0.25
84,91,Nick Watney,36,67.13,435,648,-0.26
151,142,Ollie Schniederjans,38,63.89,437,684,-0.32
211,214,Padraig Harrington,22,56.31,223,396,-0.25
5,4,Pat Perez,35,72.57,418,576,-0.32
27,21,Patrick Cantlay,31,70.04,353,504,-0.29
141,131,Patrick Reed,42,64.33,440,684,-0.3
140,139,Patrick Rodgers,51,64.49,592,918,-0.26
10,9,Patton Kizzire,45,71.43,540,756,-0.32
17,15,Paul Casey,31,70.44,355,504,-0.26
79,115,Paul Dunne,19,67.25,230,342,-0.26
184,185,Peter Malnati,39,61.25,430,702,-0.29
63,56,Peter Uihlein,41,67.84,464,684,-0.27
137,155,Phil Mickelson,38,64.6,407,630,-0.39
9,6,Rafa Cabrera Bello,33,71.48,386,540,-0.27
188,190,Retief Goosen,34,60.78,372,612,-0.27
163,164,Richy Werenski,44,63.13,500,792,-0.25
138,125,Rick Lamb,16,64.58,186,288,-0.21
13,11,Rickie Fowler,28,70.83,357,504,-0.3
158,151,Ricky Barnes,32,63.37,365,576,-0.31
119,124,Rob Oppenheim,40,65.28,470,720,-0.26
155,170,Robert Garrigus,39,63.68,447,702,-0.26
181,181,Robert Streb,35,61.59,388,630,-0.21
180,192,Roberto Díaz,39,61.68,433,702,-0.21
128,133,Rod Pampling,27,64.81,315,486,-0.23
188,186,Rory McIlroy,20,60.78,186,306,-0.3
76,62,Rory Sabbatini,46,67.39,558,828,-0.23
35,55,Russell Henley,35,69.44,400,576,-0.26
18,14,Russell Knox,46,70.41,583,828,-0.25
50,48,Ryan Armour,53,68.66,655,954,-0.25
124,128,Ryan Blaum,36,64.97,421,648,-0.25
109,103,Ryan Moore,28,65.87,332,504,-0.26
90,95,Ryan Palmer,22,66.67,264,396,-0.28
112,106,Sam Burns,22,65.66,260,396,-0.28
12,11,Sam Ryder,36,70.99,460,648,-0.24
126,146,Sam Saunders,38,64.91,444,684,-0.3
187,184,Sangmoon Bae,31,60.93,340,558,-0.19
89,85,Scott Brown,50,66.78,601,900,-0.23
20,39,Scott Piercy,40,70.28,506,720,-0.26
134,134,Scott Stallings,48,64.7,559,864,-0.27
182,178,Seamus Power,39,61.54,432,702,-0.29
174,181,Sean O'Hair,34,62.25,381,612,-0.27
35,30,Sergio Garcia,16,69.44,150,216,-0.29
90,118,Shane Lowry,26,66.67,312,468,-0.24
162,169,Shawn Stefani,38,63.16,432,684,-0.28
111,105,Si Woo Kim,46,65.74,497,756,-0.25
212,213,Smylie Kaufman,36,54.17,351,648,-0.26
100,79,Stephan Jaeger,45,66.3,537,810,-0.23
191,189,Steve Wheatcroft,28,60.32,304,504,-0.23
39,33,Stewart Cink,39,69.23,486,702,-0.28
144,127,Sung Kang,43,64.21,497,774,-0.27
148,148,Talor Gooch,47,64.07,542,846,-0.25
176,170,"Ted Potter, Jr.",35,62.06,391,630,-0.25
119,136,Thomas Pieters,31,65.28,329,504,-0.24
183,179,Tiger Woods,18,61.42,199,324,-0.32
145,138,Tom Hoge,51,64.16,589,918,-0.28
93,112,Tom Lovelady,43,66.54,515,774,-0.27
114,108,Tommy Fleetwood,23,65.56,236,360,-0.3
20,31,Tony Finau,43,70.28,506,720,-0.29
85,69,Trey Mullinax,29,67.05,350,522,-0.29
153,174,Troy Merritt,45,63.7,516,810,-0.28
59,68,Tyler Duncan,44,68.18,540,792,-0.23
119,130,Tyrone Van Aswegen,56,65.28,658,"1,008",-0.27
167,161,Tyrrell Hatton,18,62.7,158,252,-0.29
118,112,Vaughn Taylor,39,65.38,459,702,-0.28
82,66,Webb Simpson,35,67.19,387,576,-0.29
177,172,Wesley Bryan,30,62.04,335,540,-0.3
154,140,Whee Kim,41,63.69,470,738,-0.27
72,73,William McGirt,38,67.54,462,684,-0.26
78,65,Xander Schauffele,37,67.32,412,612,-0.29
108,99,Xinjun Zhang,43,66.02,511,774,-0.24
133,122,Zac Blair,26,64.74,303,468,-0.23
38,32,Zach Johnson,35,69.27,399,576,-0.31
175,168,Zecheng Dou,28,62.1,313,504,-0.18
